亜,ア;7
哀,アイ;7,あわ―れ;7,あわ―れm;7
挨,アイ;7
愛,アイ;4
曖,アイ;7
悪,アク;3,わる―i;3,オ;8
握,アク;7,にぎ―r;7
圧,アツ;5
扱,あつか―w;7
宛,あ―て1;7
嵐,あらし;7
安,アン;3,やす―i;3
案,アン;4
暗,アン;3,くら―i;3
以,イ;4
衣,イ;4,ころも;7
位,イ;4,くらい;4,（ミ）;4
囲,イ;5,かこ―m;5,かこ―w;5
医,イ;3
依,イ;7,（エ）;8
委,イ;3,ゆだ―ね1;3,ゆだね―1;9
威,イ;7
為,イ;7
畏,イ;7,おそ―れ1;7
胃,イ;6
尉,イ;7
異,イ;6,こと;6
移,イ;5,うつ―r;5,うつ―s;5
萎,イ;7,な―え1;7,なえ―1;9
偉,イ;7,えら―i;7
椅,イ;7
彙,イ;7
意,イ;3
違,イ;7,ちが―w;7,ちが―え1;7
維,イ;7
慰,イ;7,なぐさ―め1;7,なぐさ―m;7
遺,イ;6,（ユイ）;7
緯,イ;7
域,イキ;6
育,イク;3,そだ―t;3,そだ―て1;3,そだて―1;9,はぐく―m;3
一,イチ;1,イツ;1,ひと;1,ひと―つ;1
壱,イチ;7
逸,イツ;7
茨,（いばら）;4
芋,いも;7
引,イン;2,ひ―k;2,ひ―け1;2,ひ―っ;2
印,イン;4,しるし;4
因,イン;5,よ―r;8
咽,イン;7
姻,イン;7
員,イン;3
院,イン;3
淫,イン;7,みだ―ら;8
陰,イン;7,かげ;7,かげ―r;7
飲,イン;3,の―m;3
隠,イン;7,かく―s;7,かく―れ1;7,かくれ―1;9,（チン）;7
韻,イン;7
右,ウ;1,ユウ;1,みぎ;1
宇,ウ;6
羽,は;2,はね;2,ウ;7
雨,ウ;1,あめ;1,（あま）;1
唄,（うた）;7
鬱,ウツ;7
畝,うね;7
浦,うら;7
運,ウン;3,はこ―b;3
雲,ウン;2,くも;2
永,エイ;5,なが―i;5
泳,エイ;3,およ―g;3
英,エイ;4
映,エイ;6,うつ―r;6,うつ―s;6,は―え1;7
栄,エイ;4,さか―え1;4,さかえ―1;9,は―え1;8,は―え1;8
営,エイ;5,いとな―m;5
詠,エイ;7,よ―m;8
影,エイ;7,かげ;7
鋭,エイ;7,するど―i;7
衛,エイ;5
易,エキ;5,イ;5,やさ―しi;5
疫,エキ;7,（ヤク）;8
益,エキ;5,（ヤク）;8
液,エキ;5
駅,エキ;3
悦,エツ;7
越,エツ;7,こ―s;7,こ―え1;7
謁,エツ;7
閲,エツ;7
円,エン;1,まる―i;1
延,エン;6,の―び1;6,の―べ1;6,の―ばs;6,のば―s;9
沿,エン;6,そ―w;6
炎,エン;7,ほのお;7
怨,オン;7,エン;8
宴,エン;7
媛,エン;7,（ひめ）;4
援,エン;7
園,エン;2,その;7
煙,エン;7,けむ―r;7,けむり;7,けむ―i;7
猿,エン;7,さる;7
遠,エン;2,とお―i;2,（オン）;8
鉛,エン;7,なまり;7
塩,エン;4,しお;4
演,エン;5
縁,エン;7,ふち;7,（ネン）;7
艶,つや;7,エン;8
汚,オ;7,よご―s;7,よご―れ1;7,きたな―i;7,けが―s;8,けが―れ1;8,けがれ―1;9,けが―らわしi;8
王,オウ;1,（ノウ）;1
凹,オウ;7
央,オウ;3
応,オウ;5,こた―え1;5,（ノウ）;5
往,オウ;5
押,お―s;7,お―さえ1;7,おさ―え1;9,オウ;8
旺,オウ;7
欧,オウ;7
殴,なぐ―r;7,オウ;8
桜,さくら;5,オウ;8
翁,オウ;7
奥,おく;7,オウ;8
横,オウ;3,よこ;3
岡,（おか）;4
屋,オク;3,や;3
億,オク;4
憶,オク;7
臆,オク;7
虞,おそれ;7
乙,オツ;7
俺,おれ;7
卸,おろ―s;7,おろし;7
音,オン;1,おと;1,ね;1,イン;7,（ノン）;4
恩,オン;6
温,オン;3,あたた―か;3,あたた―かi;3,あたた―まr;3,あたた―め1;3
穏,オン;7,おだ―やか;7,（ノン）;7
下,カ;1,ゲ;1,した;1,しも;1,さ―げ1;1,さ―がr;1,くだ―r;1,くだ―s;1,くだ―さr;1,くだ―さい;1,お―ろs;1,お―り1;1,もと;7
化,カ;3,ば―け1;3,ば―かs;3,ケ;7
火,カ;1,ひ;1,（ほ）;8
加,カ;4,くわ―え1;4,くわ―わr;4
可,カ;5
仮,カ;5,かり;5,（ケ）;7
何,なに;2,（なん）;2,カ;7
花,カ;1,はな;1
佳,カ;7
価,カ;5,あたい;8
果,カ;4,は―たs;4,はた―s;9,は―て1;4,はて―1;9,は―て1;4
河,カ;5,かわ;5
苛,カ;7
科,カ;2
架,カ;7,か―け1;7,か―かr;7,かか―r;9
夏,カ;2,なつ;2,（ゲ）;7
家,カ;2,ケ;2,いえ;2,や;2
荷,に;3,カ;7
華,カ;7,はな;7,（ケ）;8
菓,カ;7
貨,カ;4
渦,うず;7,カ;8
過,カ;5,す―ぎ1;5,す―ごs;5,すご―s;9,あやま―t;8,あやま―ち;8
嫁,よめ;7,とつ―g;7,カ;8
暇,カ;7,ひま;7
禍,カ;7
靴,くつ;7,カ;8
寡,カ;7
歌,カ;2,うた;2,うた―w;2
箇,カ;7
稼,かせ―g;7,カ;8
課,カ;4
蚊,か;7
牙,（ゲ）;7,きば;7,ガ;8
瓦,かわら;7,ガ;8
我,われ;6,ガ;7,わ;7
画,ガ;2,カク;2
芽,ガ;4,め;4
賀,ガ;4
雅,ガ;7
餓,ガ;7
介,カイ;7
回,カイ;2,まわ―r;2,まわ―s;2,（エ）;8
灰,はい;6,カイ;7
会,カイ;2,あ―w;2,エ;8
快,カイ;5,こころよ―i;5
戒,カイ;7,いまし―め1;7
改,カイ;4,あらた―め1;4,あらた―まr;4
怪,カイ;7,あや―しi;7,あや―しm;7
拐,カイ;7
悔,カイ;7,く―い1;7,く―やm;7,くや―m;9,くや―しi;7
海,カイ;2,うみ;2
界,カイ;3
皆,カイ;7,みな;7
械,カイ;4
絵,カイ;2,エ;2
開,カイ;3,ひら―k;3,ひら―け1;3,ひらけ―1;9,あ―k;3,あ―け1;3
階,カイ;3
塊,カイ;7,かたまり;7
楷,カイ;7
解,カイ;5,と―k;5,と―かs;5,と―け1;5,ゲ;8
潰,カイ;7,つぶ―s;7,つぶ―れ1;7
壊,カイ;7,こわ―s;7,こわ―れ1;7
懐,カイ;7,ふところ;8,なつ―かしi;8,なつか―しi;9,なつ―かしm;8,なつか―しm;9,なつ―k;8,なつ―け1;8,なつけ―1;9
諧,カイ;7
貝,かい;1
外,ガイ;2,そと;2,ほか;2,はず―s;2,はず―れ1;2,ゲ;7
劾,ガイ;7
害,ガイ;4
崖,ガイ;7,がけ;7
涯,ガイ;7
街,ガイ;4,まち;4,（カイ）;7
慨,ガイ;7
蓋,ガイ;7,ふた;7
該,ガイ;7
概,ガイ;7
骸,ガイ;7
垣,かき;7
柿,かき;7
各,カク;4,おのおの;8
角,カク;2,かど;2,つの;2
拡,カク;6
革,カク;6,かわ;7
格,カク;5,（コウ）;8
核,カク;7
殻,カク;7,から;7
郭,カク;7
覚,カク;4,おぼ―え1;4,さ―まs;4,さま―s;9,さ―め1;4
較,カク;7
隔,カク;7,へだ―て1;7,へだ―たr;7,へだた―r;9
閣,カク;6
確,カク;5,たし―か;5,たし―かめ1;5,たしか―め1;9
獲,カク;7,え―1;7
嚇,カク;7
穫,カク;7
学,ガク;1,まな―b;1
岳,ガク;7,たけ;7
楽,ガク;2,ラク;2,たの―しi;2,たのし―i;9,たの―しm;2,たのし―m;9
額,ガク;5,ひたい;5
顎,ガク;7,あご;7
掛,か―け1;7,かけ―1;9,か―かr;7,かか―r;9,かかり;7
潟,かた;4
括,カツ;7
活,カツ;2
喝,カツ;7
渇,かわ―k;7,カツ;8
割,わ―r;6,わり;6,わ―れ1;6,カツ;7,さ―k;7,さ―け1;7
葛,カツ;7,くず;8
滑,カツ;7,コツ;7,すべ―r;7,なめ―らか;7
褐,カツ;7
轄,カツ;7
且,か―つ;7
株,かぶ;6
釜,かま;7
鎌,かま;7
刈,か―r;7,か―れ1;7
干,カン;6,ほ―s;6,ひ―1;7
刊,カン;5
甘,カン;7,あま―i;7,あま―え1;7,あま―やかs;7
汗,カン;7,あせ;7
缶,カン;7
完,カン;4
肝,カン;7,きも;7
官,カン;4
冠,カン;7,かんむり;7
巻,カン;6,ま―k;6,ま―け1;6,まき;6
看,カン;6
陥,カン;7,おちい―r;7,おとしい―れ1;8
乾,カン;7,かわ―k;7,かわ―かs;7
勘,カン;7
患,カン;7,わずら―w;8
貫,カン;7,つらぬ―k;7
寒,カン;3,さむ―i;3
喚,カン;7
堪,た―え1;7,カン;8
換,カン;7,か―え1;7,か―わr;7,かわ―r;9
敢,カン;7
棺,カン;7
款,カン;7
間,カン;2,ケン;2,あいだ;2,ま;2
閑,カン;7
勧,カン;7,すす―め1;7
寛,カン;7
幹,カン;5,みき;5
感,カン;3
漢,カン;3
慣,カン;5,な―れ1;5,な―らs;5,なら―s;9
管,カン;4,くだ;4
関,カン;4,せき;4,かか―わr;4,かかわ―r;9
歓,カン;7
監,カン;7
緩,カン;7,ゆる―i;7,ゆる―やか;7,ゆるや―か;9,ゆる―m;7,ゆる―め1;7
憾,カン;7
還,カン;7
館,カン;3,やかた;3
環,カン;7
簡,カン;6
観,カン;4
韓,カン;7
艦,カン;7
鑑,カン;7,かんが―み1;8
丸,ガン;2,まる;2,まる―i;2,まる―め1;2
含,ガン;7,ふく―m;7,ふく―め1;7
岸,ガン;3,きし;3
岩,ガン;2,いわ;2
玩,ガン;7
眼,ガン;5,まなこ;7,（ゲン）;8
頑,ガン;7
顔,ガン;2,かお;2
願,ガン;4,ねが―w;4
企,キ;7,くわだ―て1;7,くわだて―1;9
伎,キ;7
危,キ;6,あぶ―なi;6,あや―うi;7,あや―ぶm;7
机,つくえ;6,キ;7
気,キ;1,ケ;1
岐,キ;4
希,キ;4
忌,キ;7,い―m;8,い―まわしi;8,いま―わしi;9
汽,キ;2
奇,キ;7
祈,キ;7,いの―r;7
季,キ;4
紀,キ;5
軌,キ;7
既,キ;7,すで―に;7
記,キ;2,しる―s;2
起,キ;3,お―き1;3,お―こr;3,おこ―r;9,お―こs;3,おこ―s;9
飢,キ;7,う―え1;7
鬼,キ;7,おに;7
帰,キ;2,かえ―r;2,かえ―s;2
基,キ;5,もと;7,もとい;8
寄,キ;5,よ―r;5,よ―せ1;5
規,キ;5
亀,キ;7,かめ;7
喜,キ;5,よろこ―b;5
幾,キ;7,いく;7
揮,キ;6
期,キ;3,（ゴ）;8
棋,キ;7
貴,キ;6,たっと―i;7,とうと―i;7,たっと―b;7,とうと―b;7
棄,キ;7
毀,キ;7
旗,キ;4,はた;4
器,キ;4,うつわ;7
畿,キ;7
輝,キ;7,かがや―k;7
機,キ;4,はた;7
騎,キ;7
技,ギ;5,わざ;7
宜,ギ;7
偽,ギ;7,いつわ―r;7,にせ;8
欺,ギ;7,あざむ―k;7
義,ギ;5
疑,ギ;6,うたが―w;6
儀,ギ;7
戯,ギ;7,たわむ―れ1;8
擬,ギ;7
犠,ギ;7
議,ギ;4
菊,キク;7
吉,キチ;7,キツ;7
喫,キツ;7
詰,つ―め1;7,つ―まr;7,つま―r;9,つ―m;7,キツ;8
却,キャク;7
客,キャク;3,カク;7
脚,キャク;7,あし;7,（キャ）;8
逆,ギャク;5,さか;5,さか―らw;5,さから―w;9
虐,ギャク;7,しいた―げ1;8,しいたげ―1;9
九,キュウ;1,ク;1,ここの;1,ここの―つ;1
久,キュウ;5,ひさ―しi;5,ひさし―i;9,（ク）;8
及,キュウ;7,およ―b;7,およ―び;7,およ―ぼs;7,およぼ―s;9
弓,ゆみ;2,キュウ;7
丘,キュウ;7,おか;7
旧,キュウ;5
休,キュウ;1,やす―m;1,やす―まr;1,やす―め1;1
吸,キュウ;6,す―w;6
朽,キュウ;7,く―ち1;7,くち―1;9
臼,キュウ;7,うす;7
求,キュウ;4,もと―め1;4,もとめ―1;9
究,キュウ;3,きわ―め1;7
泣,な―k;4,キュウ;7
急,キュウ;3,いそ―g;3
級,キュウ;3
糾,キュウ;7
宮,キュウ;3,みや;3,グウ;7,（ク）;8
救,キュウ;5,すく―w;5
球,キュウ;3,たま;3
給,キュウ;4
嗅,キュウ;7,か―g;7
窮,キュウ;7,きわ―め1;8,きわ―まr;8,きわま―r;9
牛,ギュウ;2,うし;2
去,キョ;3,コ;3,さ―r;3
巨,キョ;7
居,キョ;5,い―1;5
拒,キョ;7,こば―m;7
拠,キョ;7,コ;7
挙,キョ;4,あ―げ1;4,あ―がr;4,あが―r;9
虚,キョ;7,（コ）;8
許,キョ;5,ゆる―s;5
距,キョ;7
魚,ギョ;2,うお;2,さかな;2
御,ギョ;7,ゴ;7,おん;7
漁,ギョ;4,リョウ;4
凶,キョウ;7
共,キョウ;4,とも;4
叫,キョウ;7,さけ―b;7
狂,キョウ;7,くる―w;7,くる―おしi;7,くるお―しi;9
京,キョウ;2,ケイ;7
享,キョウ;7
供,キョウ;6,そな―え1;6,とも;6,（ク）;8
協,キョウ;4
況,キョウ;7
峡,キョウ;7
挟,はさ―m;7,はさ―まr;7,キョウ;8
狭,せま―i;7,せば―め1;7,せば―まr;7,せばま―r;9,キョウ;8
恐,キョウ;7,おそ―れ1;7,おそれ―1;9,おそ―ろしi;7
恭,キョウ;7,うやうや―しi;8
胸,キョウ;6,むね;6,（むな）;7
脅,キョウ;7,おど―s;7,おど―かs;7,おびや―かs;8
強,キョウ;2,つよ―i;2,つよ―まr;2,つよ―め1;2,ゴウ;7,し―い1;7
教,キョウ;2,おし―え1;2,おそ―わr;2
郷,キョウ;6,ゴウ;7
境,キョウ;5,さかい;5,（ケイ）;7
橋,キョウ;3,はし;3
矯,キョウ;7,た―め1;8
鏡,キョウ;4,かがみ;4
競,キョウ;4,ケイ;4,きそ―w;7,せ―r;8
響,キョウ;7,ひび―k;7
驚,キョウ;7,おどろ―k;7,おどろ―かs;7,おどろか―s;9
仰,ギョウ;7,（コウ）;7,あお―g;7,おお―せ;8
暁,あかつき;7,ギョウ;8
業,ギョウ;3,わざ;7,ゴウ;8
凝,ギョウ;7,こ―r;7,こ―らs;7
曲,キョク;3,ま―がr;3,まが―r;9,ま―げ1;3
局,キョク;3
極,キョク;4,ゴク;7,きわ―め1;7,きわ―まr;7,きわま―r;9,きわ―み;7
玉,ギョク;1,たま;1
巾,キン;7
斤,キン;7
均,キン;5
近,キン;2,ちか―i;2
金,キン;1,コン;1,かね;1,（かな）;1
菌,キン;7
勤,キン;6,つと―め1;6,つと―まr;6,（ゴン）;8
琴,キン;7,こと;7
筋,キン;6,すじ;6
僅,キン;7,わず―か;7
禁,キン;5
緊,キン;7
錦,キン;7,にしき;7
謹,キン;7,つつし―m;7
襟,えり;7,キン;8
吟,ギン;7
銀,ギン;3
区,ク;3
句,ク;5
苦,ク;3,くる―しi;3,くる―しm;3,くる―しめ1;3,にが―i;3,にが―r;3
駆,ク;7,か―け1;7,か―r;7
具,グ;3
惧,グ;7
愚,グ;7,おろ―か;7
空,クウ;1,そら;1,あ―k;1,あ―け1;1,から;1
偶,グウ;7
遇,グウ;7
隅,グウ;7,すみ;7
串,くし;7
屈,クツ;7
掘,クツ;7,ほ―r;7
窟,クツ;7
熊,くま;4
繰,く―r;7,く―れ1;7
君,クン;3,きみ;3
訓,クン;4
勲,クン;7
薫,かお―r;7,クン;8
軍,グン;4
郡,グン;4
群,グン;4,む―れ1;4,む―れ1;4,（むら）;4
兄,（キョウ）;2,あに;2,ケイ;7
刑,ケイ;7
形,ケイ;2,ギョウ;2,かた;2,かたち;2
系,ケイ;6
径,ケイ;4
茎,ケイ;7,くき;7
係,ケイ;3,かか―r;3,かかり;3
型,ケイ;5,かた;5
契,ケイ;7,ちぎ―r;8
計,ケイ;2,はか―r;2,はか―らw;2,はから―w;9
恵,ケイ;7,エ;7,めぐ―m;7
啓,ケイ;7
掲,ケイ;7,かか―げ1;7
渓,ケイ;7
経,ケイ;5,へ―1;5,キョウ;7
蛍,ケイ;7,ほたる;7
敬,ケイ;6,うやま―w;6
景,ケイ;4
軽,ケイ;3,かる―i;3,かろ―やか;7
傾,ケイ;7,かたむ―k;7,かたむ―け1;7
携,ケイ;7,たずさ―え1;7,たずさ―わr;7
継,ケイ;7,つ―g;7,つ―げ1;7
詣,もう―で1;7,ケイ;8
慶,ケイ;7
憬,ケイ;7
稽,ケイ;7
憩,ケイ;7,いこ―い;7,いこ―w;8
警,ケイ;6
鶏,ケイ;7,にわとり;7
芸,ゲイ;4
迎,ゲイ;7,むか―え1;7,むかえ―1;9
鯨,ゲイ;7,くじら;7
隙,すき;7,ゲキ;8
劇,ゲキ;6
撃,ゲキ;7,う―t;7
激,ゲキ;6,はげ―しi;6
桁,けた;7
欠,ケツ;4,か―け1;4,か―k;4
穴,あな;6,ケツ;7
血,ケツ;3,ち;3
決,ケツ;3,き―め1;3,き―まr;3,きま―r;9
結,ケツ;4,むす―b;4,ゆ―w;7,ゆ―わえ1;7,ゆわ―え1;9
傑,ケツ;7
潔,ケツ;5,いさぎよ―i;8
月,ゲツ;1,ガツ;1,つき;1
犬,ケン;1,いぬ;1
件,ケン;5
見,ケン;1,み―1;1,み―え1;1,み―せ1;1
券,ケン;6
肩,かた;7,ケン;8
建,ケン;4,た―て1;4,た―t;4,（コン）;8
研,ケン;3,と―g;7,と―げ1;7
県,ケン;3
倹,ケン;7
兼,ケン;7,か―ね1;7,かね―1;9
剣,ケン;7,つるぎ;7
拳,ケン;7,こぶし;7
軒,ケン;7,のき;7
健,ケン;4,すこ―やか;7
険,ケン;5,けわ―しi;5,けわし―i;9
圏,ケン;7
堅,ケン;7,かた―i;7
検,ケン;5
嫌,ケン;7,（ゲン）;7,きら―w;7,いや;7
献,ケン;7,（コン）;7
絹,きぬ;6,ケン;8
遣,ケン;7,つか―w;7,つか―わs;7,つかわ―s;9
権,ケン;6,（ゴン）;8
憲,ケン;6
賢,ケン;7,かしこ―i;7
謙,ケン;7
鍵,ケン;7,かぎ;7
繭,まゆ;7,ケン;8
顕,ケン;7
験,ケン;4,（ゲン）;8
懸,ケン;7,か―け1;7,か―かr;7,かか―r;9,（ケ）;8
元,ゲン;2,ガン;2,もと;2
幻,ゲン;7,まぼろし;7
玄,ゲン;7
言,ゲン;2,ゴン;2,い―w;2,こと;2
弦,ゲン;7,つる;8
限,ゲン;5,かぎ―r;5
原,ゲン;2,はら;2
現,ゲン;5,あらわ―れ1;5,あらわ―s;5,あら―われ1;9,あら―わs;9
舷,ゲン;7
減,ゲン;5,へ―r;5,へ―らs;5
源,ゲン;6,みなもと;6
厳,ゲン;6,きび―しi;6,おごそ―か;7,（ゴン）;8
己,コ;6,キ;7,おのれ;7
戸,コ;2,と;2
古,コ;2,ふる―i;2,ふる―s;2
呼,コ;6,よ―b;6
固,コ;4,かた―め1;4,かた―まr;4,かたま―r;9,かた―i;4
股,コ;7,また;7
虎,コ;7,とら;7
孤,コ;7
弧,コ;7
故,コ;5,ゆえ;7
枯,コ;7,か―れ1;7,か―らs;7
個,コ;5
庫,コ;3,（ク）;8
湖,コ;3,みずうみ;3
雇,コ;7,やと―w;7
誇,コ;7,ほこ―r;7
鼓,コ;7,つづみ;8
錮,コ;7
顧,コ;7,かえり―み1;7
五,ゴ;1,いつ;1,いつ―つ;1
互,ゴ;7,たが―い;7
午,ゴ;2
呉,ゴ;7
後,ゴ;2,コウ;2,のち;2,うし―ろ;2,あと;2,おく―れ1;7
娯,ゴ;7
悟,ゴ;7,さと―r;7
碁,ゴ;7
語,ゴ;2,かた―r;2,かた―らw;2,かたら―w;9
誤,ゴ;6,あやま―r;6
護,ゴ;5
口,コウ;1,ク;1,くち;1
工,コウ;2,ク;2
公,コウ;2,おおやけ;7
勾,コウ;7
孔,コウ;7
功,コウ;4,（ク）;8
巧,コウ;7,たく―み;7
広,コウ;2,ひろ―i;2,ひろ―まr;2,ひろ―め1;2,ひろ―がr;2,ひろ―げ1;2
甲,コウ;7,カン;7
交,コウ;2,まじ―わr;2,まじ―え1;2,ま―じr;2,ま―ざr;2,ま―ぜ1;2,か―w;7,か―わs;7,かわ―s;9
光,コウ;2,ひか―r;2,ひかり;2
向,コウ;3,む―k;3,む―け1;3,む―かw;3,むか―w;9,む―こう;3,むこ―う;9
后,コウ;6
好,コウ;4,この―m;4,この―ましi;4,す―k;4
江,コウ;7,え;7
考,コウ;2,かんが―え1;2,かんがえ―1;9
行,コウ;2,ギョウ;2,い―K;2,ゆ―k;2,おこな―w;2,（アン）;8,おこ―なw;9
坑,コウ;7
孝,コウ;6
抗,コウ;7
攻,コウ;7,せ―め1;7
更,コウ;7,さら;7,ふ―け1;8,ふ―かs;8,ふか―s;9
効,コウ;5,き―k;5
幸,コウ;3,さいわ―い;3,しあわ―せ;3,さち;7
拘,コウ;7
肯,コウ;7
侯,コウ;7
厚,あつ―i;5,コウ;7
恒,コウ;7
洪,コウ;7
皇,コウ;6,オウ;6,（ノウ）;6
紅,コウ;6,べに;6,（ク）;7,くれない;7
荒,コウ;7,あら―i;7,あ―れ1;7,あ―らs;7,あら―s;9
郊,コウ;7
香,コウ;7,か;4,かお―り;4,かお―r;4,（キョウ）;8
候,コウ;4,そうろう;8
校,コウ;1
耕,コウ;5,たがや―s;5
航,コウ;5
貢,コウ;7,（ク）;8,みつ―g;8
降,コウ;6,お―り1;6,お―ろs;6,おろ―s;9,ふ―r;6
高,コウ;2,たか―i;2,たか;2,たか―まr;2,たか―め1;2
康,コウ;4
控,ひか―え1;7,ひかえ―1;9,コウ;8
梗,コウ;7
黄,オウ;2,き;2,コウ;7,（こ）;7
喉,コウ;7,のど;7
慌,あわ―て1;7,あわ―ただしi;7,コウ;8
港,コウ;3,みなと;3
硬,コウ;7,かた―i;7
絞,しぼ―r;7,し―め1;7,し―まr;7,コウ;8
項,コウ;7
溝,コウ;7,みぞ;7
鉱,コウ;5
構,コウ;5,かま―え1;5,かま―w;5
綱,コウ;7,つな;7
酵,コウ;7
稿,コウ;7
興,コウ;5,キョウ;5,おこ―r;8,おこ―s;8
衡,コウ;7
鋼,コウ;6,はがね;7
講,コウ;5
購,コウ;7
乞,こ―W;7
号,ゴウ;3
合,ゴウ;2,ガッ;2,（カッ）;2,あ―w;2,あ―わs;2,あわ―s;9,あ―わせ1;2,あわ―せ1;9
拷,ゴウ;7
剛,ゴウ;7
傲,ゴウ;7
豪,ゴウ;7
克,コク;7
告,コク;5,つ―げ1;5
谷,たに;2,コク;7
刻,コク;6,きざ―m;6
国,コク;2,くに;2
黒,コク;2,くろ;2,くろ―i;2
穀,コク;6
酷,コク;7
獄,ゴク;7
骨,コツ;6,ほね;6
駒,こま;7
込,こ―m;7,こ―め1;7,こめ―1;9
頃,ころ;7
今,コン;2,いま;2,キン;7
困,コン;6,こま―r;6
昆,コン;7
恨,コン;7,うら―m;7,うら―めしi;7
根,コン;3,ね;3
婚,コン;7
混,コン;5,ま―じr;5,ま―ざr;5,ま―ぜ1;5,こ―m;5
痕,コン;7,あと;7
紺,コン;7
魂,コン;7,たましい;7
墾,コン;7
懇,コン;7,ねんご―ろ;8
左,サ;1,ひだり;1
佐,サ;4
沙,サ;7
査,サ;5
砂,サ;6,すな;6,シャ;7
唆,サ;7,そそのか―s;8
差,サ;4,さ―s;4,さ―っ;4
詐,サ;7
鎖,サ;7,くさり;7
座,ザ;6,すわ―r;7
挫,ザ;7
才,サイ;2
再,サイ;5,（サ）;5,ふたた―び;5
災,サイ;5,わざわ―い;7
妻,サイ;5,つま;5
采,サイ;7
砕,サイ;7,くだ―k;7,くだ―け1;7
宰,サイ;7
栽,サイ;7
彩,サイ;7,いろど―r;8
採,サイ;5,と―r;5
済,サイ;6,す―m;6,す―まs;6,すま―s;9
祭,サイ;3,まつ―r;3,まつ―り;3
斎,サイ;7
細,サイ;2,ほそ―i;2,ほそ―r;2,こま―か;2,こま―かi;2,こまか―i;9
菜,サイ;4,な;4
最,サイ;4,もっと―も;4
裁,サイ;6,さば―k;6,た―t;7,た―て1;7
債,サイ;7
催,サイ;7,もよお―s;7
塞,サイ;7,ソク;7,ふさ―g;7,ふさ―がr;7,ふさが―r;9
歳,サイ;7,（セイ）;7
載,サイ;7,の―せ1;7,の―r;7
際,サイ;5,きわ;8
埼,（さい）;4
在,ザイ;5,あ―r;5
材,ザイ;4
剤,ザイ;7
財,ザイ;5,（サイ）;7
罪,ザイ;5,つみ;5
崎,さき;4
作,サク;2,サ;2,つく―r;2
削,サク;7,けず―r;7
昨,サク;4
柵,サク;7
索,サク;7
策,サク;6
酢,サク;7,す;7
搾,しぼ―r;7,サク;8
錯,サク;7
咲,さ―k;7
冊,サツ;6,サク;8
札,サツ;4,ふだ;4
刷,サツ;4,す―r;4,す―れ1;4
刹,セツ;7,サツ;8
拶,サツ;7
殺,サツ;5,ころ―s;5,（サイ）;8,（セツ）;8
察,サツ;4
撮,サツ;7,と―r;7
擦,サツ;7,す―r;7,す―れ1;7
雑,ザツ;5,ゾウ;5
皿,さら;3
三,サン;1,み;1,み―つ;1,みっ―つ;1
山,サン;1,やま;1
参,サン;4,まい―r;4
桟,サン;7
蚕,サン;6,かいこ;6
惨,サン;7,ザン;8,みじ―め;8
産,サン;4,う―m;4,う―め1;4,う―まれ1;4,うぶ;8
傘,かさ;7,サン;8
散,サン;4,ち―r;4,ち―らs;4,ち―らかs;4,ちら―かs;9,ち―らかr;4,ちら―かr;9
算,サン;2
酸,サン;5,す―i;8
賛,サン;5
残,ザン;4,のこ―r;4,のこ―s;4
斬,ザン;7,き―r;7,き―れ1;7
暫,ザン;7
士,シ;5
子,シ;1,ス;1,こ;1
支,シ;5,ささ―え1;5,ささえ―1;9
止,シ;2,と―まr;2,とま―r;9,と―め1;2
氏,シ;4,うじ;7
仕,シ;3,つか―え1;3,（ジ）;8
史,シ;5
司,シ;4
四,シ;1,よ;1,よ―つ;1,よっ―つ;1,よん;1
市,シ;2,いち;2
矢,や;2,シ;8
旨,シ;7,むね;8
死,シ;3,し―n;3
糸,シ;1,いと;1
至,シ;6,いた―r;6
伺,うかが―w;7,シ;8
志,シ;5,こころざ―s;5,こころざし;5
私,シ;6,わたくし;6,わたし;6
使,シ;3,つか―w;3,つか―え1;3
刺,シ;7,さ―s;7,さ―さr;7
始,シ;3,はじ―め1;3,はじ―まr;3
姉,あね;2,シ;7
枝,えだ;5,シ;8
祉,シ;7
肢,シ;7
姿,シ;6,すがた;6
思,シ;2,おも―w;2
指,シ;3,ゆび;3,さ―s;3
施,シ;7,ほどこ―s;7,セ;8
師,シ;5
恣,シ;7
紙,シ;2,かみ;2
脂,シ;7,あぶら;7
視,シ;6
紫,シ;7,むらさき;7
詞,シ;6
歯,シ;3,は;3
嗣,シ;7
試,シ;4,こころ―み1;4,こころみ―1;9,ため―s;7
詩,シ;3
資,シ;5
飼,シ;5,か―w;5
誌,シ;6
雌,シ;7,め;7,めす;7
摯,シ;7
賜,たまわ―r;7,シ;8,たま―わr;9
諮,シ;7,はか―r;7
示,ジ;5,しめ―s;5,シ;7
字,ジ;1,あざ;7
寺,ジ;2,てら;2
次,ジ;3,つ―g;3,つぎ;3,シ;7
耳,みみ;1,ジ;7
自,ジ;2,シ;2,みずか―ら;2
似,に―1;5,ジ;7
児,ジ;4,（ニ）;7
事,ジ;3,こと;3,（ズ）;8
侍,ジ;7,さむらい;7
治,ジ;4,チ;4,おさ―め1;4,おさ―まr;4,なお―r;4,なお―s;4
持,ジ;3,も―t;3
時,ジ;2,とき;2
滋,ジ;4
慈,ジ;7,いつく―しm;8
辞,ジ;4,や―め1;7,やめ―1;9
磁,ジ;6
餌,えさ;7,え;7,ジ;8
璽,ジ;7
鹿,しか;4,（か）;4
式,シキ;3
識,シキ;5
軸,ジク;7
七,シチ;1,なな;1,なな―つ;1,（なの）;1
𠮟,シツ;7,しか―r;7
失,シツ;4,うしな―w;4
室,シツ;2,むろ;7
疾,シツ;7
執,シツ;7,シュウ;7,と―r;7
湿,シツ;7,しめ―r;7,しめ―s;7
嫉,シツ;7
漆,シツ;7,うるし;7
質,シツ;5,シチ;7,（チ）;8
実,ジツ;3,み;3,みの―r;3
芝,しば;7
写,シャ;3,うつ―s;3,うつ―r;3
社,シャ;2,やしろ;2
車,シャ;1,くるま;1
舎,シャ;5
者,シャ;3,もの;3
射,シャ;6,い―1;6
捨,シャ;6,す―て1;6
赦,シャ;7
斜,シャ;7,なな―め;7
煮,に―1;7,に―え1;7,に―やs;7,シャ;8
遮,シャ;7,さえぎ―r;7
謝,シャ;5,あやま―r;7
邪,ジャ;7
蛇,ジャ;7,ダ;7,へび;7
尺,シャク;6
借,シャク;4,か―り1;4
酌,シャク;7,く―m;8
釈,シャク;7
爵,シャク;7
若,わか―i;6,ジャク;7,（ニャク）;8,も―しくは;8
弱,ジャク;2,よわ―i;2,よわ―r;2,よわ―まr;2,よわ―め1;2
寂,ジャク;7,さび;7,さび―しi;7,さび―れ1;7,（セキ）;8
手,シュ;1,て;1,（た）;7
主,シュ;3,ぬし;3,おも;3,（ス）;8
守,シュ;3,（ス）;3,まも―r;3,も―り;7
朱,シュ;7
取,シュ;3,と―r;3
狩,シュ;7,か―r;7,か―れ1;7,か―り;7
首,シュ;2,くび;2
殊,シュ;7,こと;7
珠,シュ;7
酒,シュ;3,さけ;3,（さか）;3
腫,シュ;7,は―れ1;7,は―らs;7,はら―s;9
種,シュ;4,たね;4
趣,シュ;7,おもむき;7
寿,ジュ;7,ことぶき;7
受,ジュ;3,う―け1;3,う―かr;3,う―かれ1;3
呪,ジュ;7,のろ―w;7
授,ジュ;5,さず―け1;7,さず―かr;7
需,ジュ;7
儒,ジュ;7
樹,ジュ;6
収,シュウ;6,おさ―め1;6,おさ―まr;6
囚,シュウ;7
州,シュウ;3,す;7
舟,シュウ;7,ふね;7,（ふな）;7
秀,シュウ;7,ひい―で1;8
周,シュウ;4,まわ―り;4
宗,シュウ;6,ソウ;7
拾,ひろ―w;3,シュウ;7,ジュウ;7
秋,シュウ;2,あき;2
臭,シュウ;7,くさ―i;7,にお―w;7
修,シュウ;5,おさ―め1;5,おさ―まr;5,（シュ）;7
袖,そで;7,シュウ;8
終,シュウ;3,お―わr;3,おわ―r;9,お―え1;3
羞,シュウ;7
習,シュウ;3,なら―w;3
週,シュウ;2
就,シュウ;6,つ―k;7,つ―け1;7,（ジュ）;8
衆,シュウ;6,（シュ）;8
集,シュウ;3,あつ―まr;3,あつ―め1;3,つど―w;7
愁,シュウ;7,うれ―え1;8,うれ―い;8
酬,シュウ;7
醜,シュウ;7,みにく―i;7
蹴,シュウ;7,け―r;7
襲,シュウ;7,おそ―w;7
十,ジュウ;1,ジッ;1,とお;1,と;1,（ジュッ）;8
汁,ジュウ;7,しる;7
充,ジュウ;7,あ―て1;8
住,ジュウ;3,す―m;3,す―まw;3,すま―w;9
柔,ジュウ;7,ニュウ;7,やわ―らか;7,やわ―らかi;7,やわら―かi;9
重,ジュウ;3,チョウ;3,おも―i;3,かさ―ね1;3,かさ―なr;3,かさな―r;9,え;3
従,ジュウ;6,したが―w;6,したが―え1;6,したがえ―1;9,（ショウ）;8,（ジュ）;8
渋,ジュウ;7,しぶ;7,しぶ―i;7,しぶ―r;7
銃,ジュウ;7
獣,ジュウ;7,けもの;7
縦,ジュウ;6,たて;6
叔,シュク;7
祝,シュク;4,いわ―w;4,（シュウ）;8
宿,シュク;3,やど;3,やど―r;3,やど―s;3
淑,シュク;7
粛,シュク;7
縮,シュク;6,ちぢ―m;6,ちぢ―まr;6,ちぢま―r;9,ちぢ―め1;6,ちぢ―れ1;6,ちぢ―らs;6
塾,ジュク;7
熟,ジュク;6,う―れ1;7
出,シュツ;1,で―1;1,だ―s;1,（スイ）;7
述,ジュツ;5,の―べ1;5
術,ジュツ;5
俊,シュン;7
春,シュン;2,はる;2
瞬,シュン;7,またた―k;8
旬,ジュン;7,（シュン）;7
巡,ジュン;7,めぐ―r;7
盾,ジュン;7,たて;7
准,ジュン;7
殉,ジュン;7
純,ジュン;6
循,ジュン;7
順,ジュン;4
準,ジュン;5
潤,ジュン;7,うるお―w;7,うるお―s;7,うる―m;7
遵,ジュン;7
処,ショ;6
初,ショ;4,はじ―め;4,はじ―めて;4,はつ;4,そ―め1;7,うい;8
所,ショ;3,ところ;3
書,ショ;2,か―k;2,か―け1;2
庶,ショ;7
暑,ショ;3,あつ―i;3
署,ショ;6
緒,ショ;7,（チョ）;7,お;7
諸,ショ;6
女,ジョ;1,おんな;1,ニョ;7,め;7,（ニョウ）;8
如,ジョ;7,ニョ;8
助,ジョ;3,たす―け1;3,たす―かr;3,すけ;7
序,ジョ;5
叙,ジョ;7
徐,ジョ;7
除,ジョ;6,のぞ―k;6,（ジ）;7
小,ショウ;1,ちい―さI;1,ちいさ―I;9,こ;1,お;1
升,ショウ;7,ます;7
少,ショウ;2,すく―なi;2,すくな―i;9,すこ―し;2
召,ショウ;7,め―s;7
匠,ショウ;7
床,ショウ;7,とこ;7,ゆか;7
抄,ショウ;7
肖,ショウ;7
尚,ショウ;7
招,ショウ;5,まね―k;5
承,ショウ;6,うけたまわ―r;7
昇,ショウ;7,のぼ―r;7
松,ショウ;4,まつ;4
沼,ぬま;7,ショウ;8
昭,ショウ;3
宵,よい;7,ショウ;8
将,ショウ;6
消,ショウ;3,き―え1;3,きえ―1;9,け―s;3
症,ショウ;7
祥,ショウ;7
称,ショウ;7
笑,わら―w;4,ショウ;7,え―m;7
唱,ショウ;4,とな―え1;4
商,ショウ;3,あきな―w;7
渉,ショウ;7
章,ショウ;3
紹,ショウ;7
訟,ショウ;7
勝,ショウ;3,か―t;3,まさ―r;7
掌,ショウ;7
晶,ショウ;7
焼,や―k;4,や―け1;4,ショウ;7
焦,ショウ;7,こ―げ1;7,こげ―1;9,こ―がs;7,こが―s;9,こ―がれ1;7,こが―れ1;9,あせ―r;8
硝,ショウ;7
粧,ショウ;7
詔,ショウ;7,みことのり;8
証,ショウ;5
象,ショウ;5,ゾウ;5
傷,ショウ;6,きず;6,いた―m;7,いた―め1;7
奨,ショウ;7
照,ショウ;4,て―r;4,て―らs;4,てら―s;9,て―れ1;4
詳,ショウ;7,くわ―しi;7
彰,ショウ;7
障,ショウ;6,さわ―r;8
憧,ショウ;7,あこが―れ1;7
衝,ショウ;7
賞,ショウ;5
償,ショウ;7,つぐな―w;7
礁,ショウ;7
鐘,ショウ;7,かね;7
上,ジョウ;1,うえ;1,（うわ）;1,かみ;1,あ―げ1;1,あ―がr;1,のぼ―r;1,のぼ―せ1;7,のぼ―s;7,（ショウ）;8
丈,ジョウ;7,たけ;7
冗,ジョウ;7
条,ジョウ;5
状,ジョウ;5
乗,ジョウ;3,の―r;3,の―せ1;3
城,ジョウ;4,しろ;4
浄,ジョウ;7
剰,ジョウ;7
常,ジョウ;5,つね;5,とこ;8
情,ジョウ;5,なさ―け;5,（セイ）;8
場,ジョウ;2,ば;2
畳,ジョウ;7,たた―m;7,たたみ;7
蒸,ジョウ;6,む―s;7,む―れ1;7,む―らs;7
縄,ジョウ;7,なわ;4
壌,ジョウ;7
嬢,ジョウ;7
錠,ジョウ;7
譲,ジョウ;7,ゆず―r;7
醸,ジョウ;7,かも―s;8
色,ショク;2,シキ;2,いろ;2
拭,ふ―k;7,ふ―け1;7,ぬぐ―w;7,ショク;8
食,ショク;2,く―w;2,た―べ1;2,たべ―1;9,（ジキ）;8,く―らw;8
植,ショク;3,う―え1;3,う―わr;3
殖,ショク;7,ふ―え1;7,ふえ―1;9,ふ―やs;7
飾,ショク;7,かざ―r;7
触,ショク;7,ふ―れ1;7,さわ―r;7
嘱,ショク;7
織,シキ;5,お―r;5,お―れ1;5,ショク;8
職,ショク;5
辱,ジョク;7,はずかし―め1;8,はずかしめ―1;9
尻,しり;7
心,シン;2,こころ;2
申,もう―s;3,シン;7
伸,シン;7,の―び1;7,の―ばs;7,のば―s;9,の―べ1;7
臣,シン;4,ジン;4
芯,シン;7
身,シン;3,み;3
辛,シン;7,から―i;7
侵,シン;7,おか―s;7
信,シン;4
津,つ;7,シン;8
神,シン;3,ジン;3,かみ;3,（かん）;7,（こう）;8
唇,くちびる;7,シン;8
娠,シン;7
振,シン;7,ふ―r;7,ふ―るw;7,ふる―w;9,ふ―れ1;7
浸,シン;7,ひた―s;7,ひた―r;7
真,シン;3,ま;3
針,シン;6,はり;6
深,シン;3,ふか―i;3,ふか―まr;3,ふか―め1;3
紳,シン;7
進,シン;3,すす―m;3,すす―め1;3
森,シン;1,もり;1
診,シン;7,み―1;7
寝,シン;7,ね―1;7,ね―かs;7,ねか―s;9
慎,シン;7,つつし―m;7
新,シン;2,あたら―しi;2,あら―た;2,にい;2
審,シン;7
震,シン;7,ふる―w;7,ふる―え1;7,ふるえ―1;9
薪,シン;7,たきぎ;7
親,シン;2,おや;2,した―しi;2,したし―i;9,した―しm;2,したし―m;9
人,ジン;1,ニン;1,ひと;1
刃,は;7,ジン;8
仁,ジン;6,（ニ）;7
尽,ジン;7,つ―くs;7,つく―s;9,つ―き1;7,つき―1;9,つ―かs;7
迅,ジン;7
甚,はなは―だ;7,はなは―だしi;7,はなはだ―しi;9,ジン;8
陣,ジン;7
尋,ジン;7,たず―ね1;7
腎,ジン;7
須,ス;7
図,ズ;2,ト;2,はか―r;7
水,スイ;1,みず;1
吹,スイ;7,ふ―k;7,ふ―け1;7,ふ―っ;7
垂,スイ;6,た―れ1;6,た―らs;6
炊,スイ;7,た―k;7
帥,スイ;7
粋,スイ;7,いき;7
衰,スイ;7,おとろ―え1;7,おとろえ―1;9
推,スイ;6,お―s;7
酔,スイ;7,よ―w;7
遂,スイ;7,と―げ1;7,とげ―1;9
睡,スイ;7
穂,ほ;7,スイ;8
随,ズイ;7
髄,ズイ;7
枢,スウ;7
崇,スウ;7
数,スウ;2,かず;2,かぞ―え1;2,かぞえ―1;9,（ス）;8
据,す―え1;7,すえ―1;9,す―わr;7,すわ―r;9
杉,すぎ;7
裾,すそ;7
寸,スン;6
瀬,せ;7
是,ゼ;7
井,（ショウ）;7,い;4,セイ;8
世,セイ;3,セ;3,よ;3
正,セイ;1,ショウ;1,ただ―しi;1,ただし―i;9,ただ―s;1,まさ;1
生,セイ;1,ショウ;1,い―き1;1,い―かs;1,い―け1;1,う―まれ1;1,うま―れ1;9,う―m;1,う―め1;1,は―え1;1,は―やs;1,なま;1,お―w;7,き;7
成,セイ;4,な―r;4,な―れ1;4,な―s;4,（ジョウ）;8
西,セイ;2,サイ;2,にし;2
声,セイ;2,こえ;2,（こわ）;7,（ショウ）;8
制,セイ;5
姓,セイ;7,ショウ;7
征,セイ;7
性,セイ;5,ショウ;7
青,セイ;1,あお;1,あお―i;1,（ショウ）;8
斉,セイ;7
政,セイ;5,（ショウ）;8,まつりごと;8
星,セイ;2,ほし;2,（ショウ）;7
牲,セイ;7
省,セイ;4,ショウ;4,はぶ―k;4,かえり―み1;7
凄,セイ;7
逝,セイ;7,ゆ―k;8,い―K;8
清,セイ;4,きよ―i;4,きよ―まr;4,きよ―め1;4,（ショウ）;8
盛,も―r;6,も―れ1;6,セイ;7,さか―r;7,さか―ん;7,（ジョウ）;8
婿,むこ;7,セイ;8
晴,セイ;2,は―れ1;2,はれ―1;9,は―らs;2,はら―s;9
勢,セイ;5,いきお―い;5
聖,セイ;6
誠,セイ;6,まこと;7
精,セイ;5,（ショウ）;7
製,セイ;5
誓,セイ;7,ちか―w;7
静,セイ;4,しず;4,しず―か;4,しず―まr;4,しず―め1;4,（ジョウ）;7
請,セイ;7,う―け1;7,（シン）;8,こ―W;8
整,セイ;3,ととの―え1;3,ととの―w;3
醒,セイ;7
税,ゼイ;5
夕,ゆう;1,セキ;7
斥,セキ;7
石,セキ;1,（シャク）;1,いし;1,（コク）;7
赤,セキ;1,あか;1,あか―i;1,あか―らm;1,あか―らめ1;1,（シャク）;8
昔,むかし;3,（シャク）;7,セキ;8
析,セキ;7
席,セキ;4
脊,セキ;7
隻,セキ;7
惜,セキ;7,お―しi;7,お―しm;7
戚,セキ;7
責,セキ;5,せ―め1;5
跡,セキ;7,あと;7
積,セキ;4,つ―m;4,つ―め1;4,つ―もr;4,つも―r;9
績,セキ;5
籍,セキ;7
切,セツ;2,き―r;2,き―れ1;2,（サイ）;7
折,セツ;4,お―r;4,おり;4,お―れ1;4
拙,セツ;7,つたな―i;7
窃,セツ;7
接,セツ;5,つ―g;8,つ―げ1;8
設,セツ;5,もう―け1;5
雪,セツ;2,ゆき;2
摂,セツ;7
節,セツ;4,ふし;4,（セチ）;8
説,セツ;4,と―k;4,（ゼイ）;8
舌,した;6,ゼツ;7
絶,ゼツ;5,た―え1;5,た―やs;5,たや―s;9,た―t;5,た―て1;5
千,セン;1,ち;1
川,かわ;1,セン;7
仙,セン;7
占,セン;7,し―め1;7,うらな―w;7
先,セン;1,さき;1
宣,セン;6
専,セン;6,もっぱ―ら;7
泉,セン;6,いずみ;6
浅,あさ―i;4,セン;7
洗,セン;6,あら―w;6
染,そ―め1;6,そ―まr;6,そま―r;9,セン;7,し―み1;8,し―み1;8
扇,セン;7,おうぎ;7
栓,セン;7
旋,セン;7
船,セン;2,ふね;2,（ふな）;2
戦,セン;4,たたか―w;4,いくさ;7
煎,セン;7,い―r;7,い―れ1;7
羨,うらや―m;7,うらや―ましi;7,セン;8
腺,セン;7
詮,セン;7
践,セン;7
箋,セン;7
銭,セン;6,ぜに;7
潜,セン;7,ひそ―m;7,もぐ―r;7
線,セン;2
遷,セン;7
選,セン;4,えら―b;4
薦,セン;7,すす―め1;7
繊,セン;7
鮮,セン;7,あざ―やか;7
全,ゼン;3,まった―く;3,すべ―て;3
前,ゼン;2,まえ;2
善,ゼン;6,よ―i;6
然,ゼン;4,ネン;4
禅,ゼン;7
漸,ゼン;7
膳,ゼン;7
繕,ゼン;7,つくろ―w;7
狙,ソ;7,ねら―w;7
阻,ソ;7,はば―m;8
祖,ソ;5
租,ソ;7
素,ソ;5,ス;7
措,ソ;7
粗,ソ;7,あら―i;7
組,ソ;2,く―m;2,くみ;2
疎,ソ;7,うと―i;8,うと―m;8,うと―ましi;8
訴,ソ;7,うった―え1;7
塑,ソ;7
遡,さかのぼ―r;7,ソ;8
礎,ソ;7,いしずえ;8
双,ソウ;7,ふた;7
壮,ソウ;7
早,ソウ;1,はや―i;1,はや―まr;1,はや―め1;1,（サッ）;7
争,ソウ;4,あらそ―w;4
走,ソウ;2,はし―r;2
奏,ソウ;6,かな―で1;8,かなで―1;9
相,ソウ;3,あい;3,ショウ;7
荘,ソウ;7
草,ソウ;1,くさ;1
送,ソウ;3,おく―r;3,おく―れ1;3
倉,ソウ;4,くら;4
捜,ソウ;7,さが―s;7
挿,ソウ;7,さ―s;7
桑,くわ;7,ソウ;8
巣,す;4,ソウ;8
掃,ソウ;7,は―k;7
曹,ソウ;7
曽,ソウ;7,（ゾ）;7
爽,ソウ;7,さわ―やか;7,さわや―か;9
窓,ソウ;6,まど;6
創,ソウ;6,つく―r;6
喪,ソウ;7,も;7
痩,や―せ1;7,やせ―1;9,ソウ;8
葬,ソウ;7,ほうむ―r;8
装,ソウ;6,ショウ;7,よそお―w;8
僧,ソウ;7
想,ソウ;3,（ソ）;8
層,ソウ;6
総,ソウ;5
遭,ソウ;7,あ―w;7
槽,ソウ;7
踪,ソウ;7
操,ソウ;6,あやつ―r;7,みさお;8
燥,ソウ;7
霜,しも;7,ソウ;8
騒,ソウ;7,さわ―g;7
藻,ソウ;7,も;7
造,ゾウ;5,つく―r;5
像,ゾウ;5
増,ゾウ;5,ま―s;5,ふ―え1;5,ふえ―1;9,ふ―やs;5
憎,ゾウ;7,にく―m;7,にく―i;7,にく―らしi;7,にくら―しi;9,にく―しみ;7
蔵,ゾウ;6,くら;7
贈,ゾウ;7,（ソウ）;7,おく―r;7,おく―れ1;7
臓,ゾウ;6
即,ソク;7
束,ソク;4,たば;4
足,ソク;1,あし;1,た―り1;1,た―r;1,た―s;1
促,ソク;7,うなが―s;7
則,ソク;5
息,ソク;3,いき;3
捉,ソク;7,とら―え1;7
速,ソク;3,はや―i;3,はや―め1;3,はや―まr;3,すみ―やか;7,すみや―か;9
側,ソク;4,がわ;4
測,ソク;5,はか―r;5
俗,ゾク;7
族,ゾク;3
属,ゾク;5
賊,ゾク;7
続,ゾク;4,つづ―k;4,つづ―け1;4,つづけ―1;9
卒,ソツ;4
率,リツ;5,ひき―い1;5,ひきい―1;9,ソツ;7
存,ソン;6,ゾン;6
村,ソン;1,むら;1
孫,ソン;4,まご;4
尊,ソン;6,たっと―i;6,とうと―i;6,たっと―b;6,とうと―b;6
損,ソン;5,そこ―なw;7,そこな―w;9,そこ―ね1;7,そこね―1;9
遜,ソン;7
他,タ;3,ほか;3
多,タ;2,おお―i;2
汰,タ;7
打,ダ;3,う―t;3
妥,ダ;7
唾,ダ;7,つば;7
堕,ダ;7
惰,ダ;7
駄,ダ;7
太,タイ;2,タ;2,ふと―i;2,ふと―r;2
対,タイ;3,ツイ;7
体,タイ;2,からだ;2,テイ;7
耐,タイ;7,た―え1;7
待,タイ;3,ま―t;3
怠,タイ;7,おこた―r;7,なま―け1;7
胎,タイ;7
退,タイ;6,しりぞ―k;6,しりぞ―け1;6
帯,タイ;4,お―び1;4,おび―1;9,おび;4
泰,タイ;7
堆,タイ;7
袋,ふくろ;7,タイ;8
逮,タイ;7
替,タイ;7,か―え1;7,かえ―1;9,か―わr;7,かわ―r;9
貸,か―s;5,タイ;7
隊,タイ;4
滞,タイ;7,とどこお―r;7
態,タイ;5
戴,タイ;7
大,ダイ;1,タイ;1,おお;1,おお―きI;1,おお―いに;1
代,ダイ;3,タイ;3,か―わr;3,かわ―r;9,か―え1;3,よ;3,しろ;7
台,ダイ;2,タイ;2
第,ダイ;3
題,ダイ;3
滝,たき;7
宅,タク;6
択,タク;7
沢,タク;7,さわ;7
卓,タク;7
拓,タク;7
託,タク;7
濯,タク;7
諾,ダク;7
濁,ダク;7,にご―r;7,にご―s;7
但,ただ―し;7
達,タツ;4
脱,ダツ;7,ぬ―g;7,ぬ―げ1;7,ぬげ―1;9
奪,ダツ;7,うば―w;7
棚,たな;7
誰,だれ;7
丹,タン;7
旦,タン;7,ダン;7
担,タン;6,かつ―g;8,にな―w;8
単,タン;4
炭,タン;3,すみ;3
胆,タン;7
探,タン;6,さが―s;6,さぐ―r;7
淡,タン;7,あわ―i;7
短,タン;3,みじか―i;3
嘆,タン;7,なげ―k;7,なげ―かわしi;7,なげか―わしi;9
端,タン;7,はし;7,はた;7,は;8
綻,タン;7,ほころ―び1;7,ほころび―1;9
誕,タン;6
鍛,タン;7,きた―え1;7,きたえ―1;9
団,ダン;5,（トン）;8
男,ダン;1,ナン;1,おとこ;1
段,ダン;6
断,ダン;5,ことわ―r;5,た―t;7,た―て1;7,こと―わr;9
弾,ダン;7,ひ―k;7,ひ―け1;7,はず―m;7,たま;7
暖,ダン;6,あたた―か;6,あたた―かi;6,あたた―まr;6,あたた―め1;6
談,ダン;3
壇,ダン;7,（タン）;8
地,チ;2,ジ;2
池,チ;2,いけ;2
知,チ;2,し―r;2
値,チ;6,ね;6,あたい;7
恥,チ;7,は―じ1;7,はじ―1;9,はじ;7,は―じらw;7,はじ―らw;9,は―ずかしi;7,はず―かしi;9,はずか―しi;9
致,チ;7,いた―s;7
遅,チ;7,おく―れ1;7,おく―らs;7,おくら―s;9,おそ―i;7
痴,チ;7
稚,チ;7
置,チ;4,お―k;4
緻,チ;7
竹,チク;1,たけ;1
畜,チク;7
逐,チク;7
蓄,チク;7,たくわ―え1;7
築,チク;5,きず―k;5
秩,チツ;7
窒,チツ;7
茶,チャ;2,サ;7
着,チャク;3,き―1;3,き―せ1;3,つ―k;3,つ―け1;3,（ジャク）;8
嫡,チャク;7
中,チュウ;1,（ジュウ）;1,なか;1
仲,なか;4,チュウ;7
虫,チュウ;1,むし;1
沖,おき;4,チュウ;8
宙,チュウ;6
忠,チュウ;6
抽,チュウ;7
注,チュウ;3,そそ―g;3
昼,チュウ;2,ひる;2
柱,チュウ;3,はしら;3
衷,チュウ;7
酎,チュウ;7
鋳,チュウ;7,い―1;7
駐,チュウ;7
著,チョ;6,あらわ―s;7,いちじる―しi;7,あら―わs;9
貯,チョ;5
丁,チョウ;3,テイ;7
弔,チョウ;7,とむら―w;7
庁,チョウ;6
兆,チョウ;4,きざ―s;8,きざ―し;8
町,チョウ;1,まち;1
長,チョウ;2,なが―i;2
挑,チョウ;7,いど―m;7
帳,チョウ;3
張,チョウ;5,は―r;5,は―れ1;5
彫,チョウ;7,ほ―r;7
眺,チョウ;7,なが―め1;7,ながめ―1;9
釣,つ―r;7,つ―れ1;7,チョウ;8
頂,チョウ;6,いただ―k;6,いただき;6
鳥,チョウ;2,とり;2
朝,チョウ;2,あさ;2
貼,チョウ;7,は―r;7,は―れ1;7
超,チョウ;7,こ―え1;7,こ―s;7
腸,チョウ;6
跳,チョウ;7,は―ね1;7,と―b;7
徴,チョウ;7
嘲,チョウ;7,あざけ―r;7
潮,チョウ;6,しお;6
澄,す―m;7,す―まs;7,すま―s;9,チョウ;8
調,チョウ;3,しら―べ1;3,しらべ―1;9,ととの―w;7,ととの―え1;7
聴,チョウ;7,き―k;7
懲,チョウ;7,こ―り1;7,こ―らs;7,こ―らしめ1;7,こら―しめ1;9
直,チョク;2,ジキ;2,ただ―ちに;2,なお―s;2,なお―r;2
勅,チョク;7
捗,チョク;7
沈,チン;7,しず―m;7,しず―め1;7
珍,チン;7,めずら―しi;7,めずらし―i;9
朕,チン;7
陳,チン;7
賃,チン;6
鎮,チン;7,しず―め1;8,しず―まr;8
追,ツイ;3,お―w;3
椎,ツイ;7
墜,ツイ;7
通,ツウ;2,とお―r;2,とお―s;2,かよ―w;2,（ツ）;8
痛,ツウ;6,いた―i;6,いた―m;6,いた―ましi;6,いた―め1;6
塚,つか;7
漬,つ―け1;7,つ―かr;7
坪,つぼ;7
爪,つめ;7,（つま）;7
鶴,つる;7
低,テイ;4,ひく―i;4,ひく―め1;4,ひく―まr;4
呈,テイ;7
廷,テイ;7
弟,（ダイ）;2,おとうと;2,テイ;7,（デ）;7
定,テイ;3,ジョウ;3,さだ―め1;3,さだ―まr;3,さだ―か;8
底,テイ;4,そこ;4
抵,テイ;7
邸,テイ;7
亭,テイ;7
貞,テイ;7
帝,テイ;7
訂,テイ;7
庭,テイ;3,にわ;3
逓,テイ;7
停,テイ;5
偵,テイ;7
堤,テイ;7,つつみ;7
提,テイ;5,さ―げ1;7
程,テイ;5,ほど;7
艇,テイ;7
締,テイ;7,し―まr;7,し―め1;7
諦,テイ;7,あきら―め1;7
泥,どろ;7,デイ;8
的,テキ;4,まと;4
笛,テキ;3,ふえ;3
摘,テキ;7,つ―m;7,つ―め1;7
滴,テキ;7,しずく;7,したた―r;8
適,テキ;5
敵,テキ;6,かたき;7
溺,デキ;7,おぼ―れ1;7,おぼれ―1;9
迭,テツ;7
哲,テツ;7
鉄,テツ;3
徹,テツ;7
撤,テツ;7
天,テン;1,（あま）;1,あめ;8
典,テン;4
店,テン;2,みせ;2
点,テン;2
展,テン;6
添,テン;7,そ―え1;7,そ―w;7
転,テン;3,ころ―がr;3,ころ―げ1;3,ころ―がs;3,ころが―s;9,ころ―b;3
塡,テン;7
田,デン;1,た;1
伝,デン;4,つた―わr;4,つた―え1;4,つた―w;4
殿,デン;7,テン;7,との;7,どの;7
電,デン;2
斗,ト;7
吐,ト;7,は―k;7
妬,ト;7,ねた―m;7,ねた―ましi;7
徒,ト;4
途,ト;7
都,ト;3,ツ;3,みやこ;3
渡,ト;7,わた―r;7,わた―s;7
塗,ト;7,ぬ―r;7
賭,か―け1;7,ト;8
土,ド;1,ト;1,つち;1
奴,ド;7
努,ド;4,つと―め1;4
度,ド;3,（タク）;7,たび;7,（ト）;8
怒,ド;7,いか―r;7,おこ―r;7
刀,トウ;2,かたな;2
冬,トウ;2,ふゆ;2
灯,トウ;4,ひ;8
当,トウ;2,あ―たr;2,あた―r;9,あ―て1;2
投,トウ;3,な―げ1;3,なげ―1;9
豆,トウ;3,（ズ）;3,まめ;3
東,トウ;2,ひがし;2
到,トウ;7
逃,トウ;7,に―げ1;7,に―がs;7,にが―s;9,のが―s;7,のが―れ1;7
倒,トウ;7,たお―れ1;7,たお―s;7
凍,トウ;7,こお―r;7,こご―え1;7
唐,トウ;7,から;7
島,トウ;3,しま;3
桃,トウ;7,もも;7
討,トウ;6,う―t;7
透,トウ;7,す―k;7,す―かs;7,すか―s;9,す―け1;7
党,トウ;6
悼,トウ;7,いた―m;8
盗,トウ;7,ぬす―m;7
陶,トウ;7
塔,トウ;7
搭,トウ;7
棟,トウ;7,むね;7,（むな）;8
湯,トウ;3,ゆ;3
痘,トウ;7
登,トウ;3,ト;3,のぼ―r;3
答,トウ;2,こた―え1;2,こた―え1;2
等,トウ;3,ひと―しi;3,ひとし―i;9
筒,トウ;7,つつ;7
統,トウ;5,す―べ1;8,すべ―1;9
稲,トウ;7,いね;7,（いな）;7
踏,トウ;7,ふ―m;7,ふ―まえ1;7,ふま―え1;9
糖,トウ;6
頭,トウ;2,ズ;2,あたま;2,かしら;7,（ト）;8
謄,トウ;7
藤,トウ;7,ふじ;7
闘,トウ;7,たたか―w;7
騰,トウ;7
同,ドウ;2,おな―じ;2
洞,ドウ;7,ほら;7
胴,ドウ;7
動,ドウ;3,うご―k;3,うご―かs;3
堂,ドウ;5
童,ドウ;3,わらべ;7
道,ドウ;2,みち;2,（トウ）;8
働,ドウ;4,はたら―k;4
銅,ドウ;5
導,ドウ;5,みちび―k;5
瞳,ドウ;7,ひとみ;7
峠,とうげ;7
匿,トク;7
特,トク;4
得,トク;5,え―1;5,う―1;7
督,トク;7
徳,トク;4
篤,トク;7
毒,ドク;5
独,ドク;5,ひと―り;5
読,ドク;2,トク;2,（トウ）;2,よ―m;2
栃,（とち）;4
凸,トツ;7
突,トツ;7,つ―k;7,つ―け1;7,つ―っ;7
届,とど―け1;6,とどけ―1;9,とど―k;6
屯,トン;7
豚,トン;7,ぶた;7
頓,トン;7
貪,ドン;7,むさぼ―r;7
鈍,ドン;7,にぶ―i;7,にぶ―r;7
曇,ドン;7,くも―r;7
丼,どんぶり;7,（どん）;7
那,ナ;7
奈,ナ;4
内,ナイ;2,うち;2,（ダイ）;7
梨,なし;4
謎,なぞ;7
鍋,なべ;7
南,ナン;2,みなみ;2,（ナ）;8
軟,ナン;7,やわ―らか;7,やわ―らかi;7,やわら―かi;9
難,ナン;6,むずか―しi;6,むずかし―i;9,かた―i;8
二,ニ;1,ふた;1,ふた―つ;1
尼,あま;7,ニ;8
弐,ニ;7
匂,にお―w;7
肉,ニク;2
虹,にじ;7
日,ニチ;1,ジツ;1,ひ;1,か;1,（ニ）;1
入,ニュウ;1,い―r;1,い―れ1;1,はい―r;1
乳,ニュウ;6,ちち;6,ち;7
尿,ニョウ;7
任,ニン;5,まか―せ1;5,まか―s;5
妊,ニン;7
忍,ニン;7,しの―b;7,しの―ばせ1;7,しのば―せ1;9
認,みと―め1;6,みとめ―1;9,ニン;7
寧,ネイ;7
熱,ネツ;4,あつ―i;4
年,ネン;1,とし;1
念,ネン;4
捻,ネン;7
粘,ネン;7,ねば―r;7
燃,ネン;5,も―え1;5,もえ―1;9,も―やs;5,もや―s;9,も―s;5
悩,ノウ;7,なや―m;7,なや―ましi;7,なや―まs;7,なやま―s;9
納,ノウ;6,おさ―め1;6,おさ―まr;6,（ナッ）;7,（トウ）;7,（ナ）;8,（ナン）;8
能,ノウ;5
脳,ノウ;6
農,ノウ;3
濃,ノウ;7,こ―i;7
把,ハ;7
波,ハ;3,なみ;3
派,ハ;6
破,ハ;5,やぶ―r;5,やぶ―れ1;5
覇,ハ;7
馬,バ;2,うま;2,（ま）;2
婆,バ;7
罵,バ;7,ののし―r;7
拝,ハイ;6,おが―m;6
杯,ハイ;7,さかずき;7
背,ハイ;6,せ;6,せい;6,そむ―k;7,そむ―け1;7,そむけ―1;9
肺,ハイ;6
俳,ハイ;6
配,ハイ;3,くば―r;3
排,ハイ;7
敗,ハイ;4,やぶ―れ1;4
廃,ハイ;7,すた―れ1;7,すた―r;7
輩,ハイ;7
売,バイ;2,う―r;2,う―れ1;2
倍,バイ;3
梅,バイ;4,うめ;4
培,バイ;7,つちか―w;8
陪,バイ;7
媒,バイ;7
買,バイ;2,か―w;2
賠,バイ;7
白,ハク;1,しろ;1,（しら）;1,しろ―i;1,ビャク;8
伯,ハク;7
拍,ハク;7,（ヒョウ）;7
泊,ハク;7,と―まr;7,とま―r;9,と―め1;7
迫,ハク;7,せま―r;7
剝,ハク;7,は―がs;7,はが―s;9,は―g;7,は―がれ1;7,は―げ1;7
舶,ハク;7
博,ハク;4,（バク）;8
薄,ハク;7,うす―i;7,うす―め1;7,うす―まr;7,うす―らg;7,うす―れ1;7
麦,むぎ;2,バク;7
漠,バク;7
縛,バク;7,しば―r;7
爆,バク;7
箱,はこ;3
箸,はし;7
畑,はた;3,はたけ;3
肌,はだ;7
八,ハチ;1,や;1,や―つ;1,やっ―つ;1,（よう）;1
鉢,ハチ;7,（ハツ）;8
発,ハツ;3,ホツ;7
髪,ハツ;7,かみ;7
伐,バツ;7
抜,バツ;7,ぬ―k;7,ぬ―け1;7,ぬ―かs;7,ぬか―s;9,ぬ―かr;7
罰,バツ;7,バチ;7
閥,バツ;7
反,ハン;3,そ―r;3,そ―らs;3,（タン）;7,（ホン）;8
半,ハン;2,なか―ば;2
氾,ハン;7
犯,ハン;5,おか―s;7
帆,ハン;7,ほ;7
汎,ハン;7
伴,ハン;7,バン;7,ともな―w;7
判,ハン;5,バン;5
坂,さか;3,ハン;8
阪,ハン;7,（さか）;4
板,ハン;3,バン;3,いた;3
版,ハン;5
班,ハン;6
畔,ハン;7
般,ハン;7
販,ハン;7
斑,ハン;7
飯,ハン;4,めし;4
搬,ハン;7
煩,ハン;7,わずら―w;7,わずら―わs;7,わずらわ―s;9,（ボン）;8
頒,ハン;7
範,ハン;7
繁,ハン;7
藩,ハン;7
晩,バン;6
番,バン;2
蛮,バン;7
盤,バン;7
比,ヒ;5,くら―べ1;5
皮,ヒ;3,かわ;3
妃,ヒ;7
否,ヒ;6,いな;8
批,ヒ;6
彼,ヒ;7,かれ;7,（かの）;7
披,ヒ;7
肥,ヒ;5,こ―え1;5,こえ;5,こ―やs;5,こや―s;9,こ―やし;5,こや―し;9
非,ヒ;5
卑,ヒ;7,いや―しi;8,いや―しm;8,いや―しめ1;8
飛,ヒ;4,と―b;4,と―ばs;4,とば―s;9
疲,ヒ;7,つか―れ1;7,つかれ―1;9
秘,ヒ;6,ひ―め1;7,ひめ―1;9
被,ヒ;7,こうむ―r;7
悲,ヒ;3,かな―しi;3,かな―しm;3
扉,とびら;7,ヒ;8
費,ヒ;5,つい―やs;7,ついや―s;9,つい―え1;7
碑,ヒ;7
罷,ヒ;7
避,ヒ;7,さ―け1;7
尾,ビ;7,お;7
眉,（ミ）;7,まゆ;7,ビ;8
美,ビ;3,うつく―しi;3
備,ビ;5,そな―え1;5,そな―わr;5
微,ビ;7
鼻,はな;3,ビ;7
膝,ひざ;7
肘,ひじ;7
匹,ヒツ;7,ひき;7
必,ヒツ;4,かなら―ず;4
泌,ヒツ;7,ヒ;8
筆,ヒツ;3,ふで;3
姫,ひめ;7
百,ヒャク;1
氷,ヒョウ;3,こおり;3,ひ;8
表,ヒョウ;3,おもて;3,あらわ―s;3,あらわ―れ1;3,あら―わs;9,あら―われ1;9
俵,ヒョウ;6,たわら;6
票,ヒョウ;4
評,ヒョウ;5
漂,ヒョウ;7,ただよ―w;7
標,ヒョウ;4
苗,なえ;7,（なわ）;7,ビョウ;8
秒,ビョウ;3
病,ビョウ;3,やまい;3,や―m;7,（ヘイ）;8
描,ビョウ;7,えが―k;7,か―k;7,か―け1;7
猫,ねこ;7,ビョウ;8
品,ヒン;3,しな;3
浜,ヒン;7,はま;7
貧,ビン;5,まず―しi;5,まずし―i;9,ヒン;7
賓,ヒン;7
頻,ヒン;7
敏,ビン;7
瓶,ビン;7
不,フ;4,ブ;4
夫,フ;4,おっと;4,（フウ）;7
父,フ;2,ちち;2
付,フ;4,つ―け1;4,つ―k;4
布,フ;5,ぬの;5
扶,フ;7
府,フ;4
怖,フ;7,こわ―i;7
阜,（フ）;4
附,フ;7
訃,フ;7
負,フ;3,ま―け1;3,ま―かs;3,お―w;3
赴,フ;7,おもむ―k;7
浮,フ;7,う―k;7,う―け1;7,う―かれ1;7,う―かb;7,うか―b;9,う―かべ1;7,うか―べ1;9
婦,フ;5
符,フ;7
富,フ;4,と―m;4,とみ;4,（フウ）;8
普,フ;7
腐,フ;7,くさ―r;7,くさ―れ1;7,くさ―らs;7
敷,し―k;7,フ;8
膚,フ;7
賦,フ;7
譜,フ;7
侮,ブ;7,あなど―r;8
武,ブ;5,ム;5
部,ブ;3
舞,ブ;7,ま―w;7,まい;7
封,フウ;7,ホウ;7
風,フウ;2,かぜ;2,（かざ）;2,（フ）;8
伏,フク;7,ふ―せ1;7,ふせ―1;9,ふ―s;7
服,フク;3
副,フク;4
幅,フク;7,はば;7
復,フク;5
福,フク;3
腹,フク;6,はら;6
複,フク;5
覆,フク;7,おお―w;7,くつがえ―s;8,くつがえ―r;8
払,はら―w;7,フツ;8
沸,フツ;7,わ―k;7,わ―かs;7
仏,ブツ;5,ほとけ;5
物,ブツ;3,モツ;3,もの;3
粉,フン;5,こ;5,こな;5
紛,フン;7,まぎ―れ1;7,まぎ―らs;7,まぎら―s;9,まぎ―らわs;7,まぎら―わs;9,まぎ―らわしi;7,まぎら―わしi;9
雰,フン;7
噴,フン;7,ふ―k;7,ふ―け1;7
墳,フン;7
憤,フン;7,いきどお―r;8
奮,フン;6,ふる―w;6
分,ブン;2,フン;2,ブ;2,わ―け1;2,わ―かれ1;2,わ―かr;2,わか―r;9,わ―かt;2,わか―t;9
文,ブン;1,モン;1,ふみ;7
聞,ブン;2,き―k;2,き―こえ1;2,きこ―え1;9,モン;8
丙,ヘイ;7
平,ヘイ;3,ビョウ;3,たい―ら;3,ひら;3
兵,ヘイ;4,ヒョウ;4
併,ヘイ;7,あわ―せ1;7
並,なみ;6,なら―べ1;6,なら―b;6,なら―びに;6,ヘイ;7
柄,がら;7,え;7,ヘイ;8
陛,ヘイ;6
閉,ヘイ;6,と―じ1;6,し―め1;6,し―まr;6,と―ざs;7,とざ―s;9
塀,ヘイ;7
幣,ヘイ;7
弊,ヘイ;7
蔽,ヘイ;7
餅,ヘイ;7,もち;7
米,ベイ;2,マイ;2,こめ;2
壁,ヘキ;7,かべ;7
璧,ヘキ;7
癖,ヘキ;7,くせ;7
別,ベツ;4,わか―れ1;4
蔑,ベツ;7,さげす―m;7
片,かた;6,ヘン;7
辺,ヘン;4,あた―り;4,べ;4
返,ヘン;3,かえ―s;3,かえ―r;3
変,ヘン;4,か―わr;4,かわ―r;9,か―え1;4
偏,ヘン;7,かたよ―r;7
遍,ヘン;7
編,ヘン;5,あ―m;5
弁,ベン;5
便,ベン;4,ビン;4,たよ―り;4
勉,ベン;3
歩,ホ;2,ある―k;2,あゆ―m;2,ブ;7,（フ）;8
保,ホ;5,たも―t;5
哺,ホ;7
捕,ホ;7,と―らえ1;7,とら―え1;9,と―らわれ1;7,とら―われ1;9,と―r;7,つか―まえ1;7,つか―まr;7
補,ホ;6,おぎな―w;6
舗,ホ;7
母,ボ;2,はは;2
募,ボ;7,つの―r;7
墓,ボ;5,はか;5
慕,ボ;7,した―w;7
暮,く―れ1;6,く―らs;6,くら―s;9,ボ;7
簿,ボ;7
方,ホウ;2,かた;2
包,ホウ;4,つつ―m;4
芳,ホウ;7,かんば―しi;8
邦,ホウ;7
奉,ホウ;7,（ブ）;7,たてまつ―r;8
宝,ホウ;6,たから;6
抱,ホウ;7,だ―k;7,いだ―k;7,かか―え1;7,かかえ―1;9
放,ホウ;3,はな―s;3,はな―t;3,はな―れ1;3,ほう―r;3
法,ホウ;4,（ハッ）;8,（ホッ）;8
泡,ホウ;7,あわ;7
胞,ホウ;7
俸,ホウ;7
倣,ホウ;7,なら―w;8
峰,ホウ;7,みね;7
砲,ホウ;7
崩,ホウ;7,くず―れ1;7,くずれ―1;9,くず―s;7
訪,ホウ;6,たず―ね1;6,おとず―れ1;7,おとずれ―1;9
報,ホウ;5,むく―い1;7,むくい―1;9
蜂,ホウ;7,はち;7
豊,ホウ;5,ゆた―か;5
飽,ホウ;7,あ―き1;7,あ―かs;7
褒,ほ―め1;7,ホウ;8
縫,ホウ;7,ぬ―w;7
亡,ボウ;6,（モウ）;8,な―i;8
乏,ボウ;7,とぼ―しi;7,とぼし―i;9
忙,ボウ;7,いそが―しi;7
坊,ボウ;7,（ボッ）;7
妨,ボウ;7,さまた―げ1;7,さまたげ―1;9
忘,わす―れ1;6,ボウ;7
防,ボウ;5,ふせ―g;5
房,ボウ;7,ふさ;7
肪,ボウ;7
某,ボウ;7
冒,ボウ;7,おか―s;7
剖,ボウ;7
紡,ボウ;7,つむ―g;8
望,ボウ;4,のぞ―m;4,のぞ―ましi;4,モウ;7
傍,ボウ;7,かたわ―ら;8
帽,ボウ;7
棒,ボウ;6
貿,ボウ;5
貌,ボウ;7
暴,ボウ;5,あば―れ1;5,（バク）;7,あば―k;8
膨,ボウ;7,ふく―らm;7,ふくら―m;9,ふく―れ1;7
謀,ボウ;7,（ム）;8,はか―r;8
頰,ほお;7
北,ホク;2,きた;2
木,ボク;1,モク;1,き;1,（こ）;1
朴,ボク;7
牧,ボク;4,まき;7
睦,ボク;7
僕,ボク;7
墨,ボク;7,すみ;7
撲,ボク;7
没,ボツ;7
勃,ボツ;7
堀,ほり;7
本,ホン;1,もと;1
奔,ホン;7
翻,ホン;7,ひるがえ―r;8,ひるがえ―s;8
凡,ボン;7,（ハン）;8
盆,ボン;7
麻,マ;7,あさ;7
摩,マ;7
磨,マ;7,みが―k;7
魔,マ;7
毎,マイ;2
妹,いもうと;2,マイ;7
枚,マイ;6
昧,マイ;7
埋,マイ;7,う―め1;7,うめ―1;9,う―まr;7,うま―r;9,う―もれ1;7,うも―れ1;9
幕,マク;6,バク;6
膜,マク;7
枕,まくら;7
又,また;7
末,マツ;4,すえ;4,バツ;8
抹,マツ;7
万,マン;2,バン;7
満,マン;4,み―ち1;4,み―たs;4,みた―s;9
慢,マン;7
漫,マン;7
未,ミ;4
味,ミ;3,あじ;3,あじ―わw;3
魅,ミ;7
岬,みさき;7
密,ミツ;6
蜜,ミツ;7
脈,ミャク;5
妙,ミョウ;7
民,ミン;4,たみ;7
眠,ミン;7,ねむ―r;7,ねむ―i;7
矛,ム;7,ほこ;7
務,ム;5,つと―め1;5,つと―まr;5
無,ム;4,ブ;4,な―i;4
夢,ム;5,ゆめ;5
霧,ム;7,きり;7
娘,むすめ;7
名,メイ;1,ミョウ;1,な;1
命,メイ;3,いのち;3,ミョウ;7
明,メイ;2,ミョウ;2,あ―かり;2,あか―り;9,あか―るi;2,あか―るm;2,あか―らm;2,あき―らか;2,あ―け1;2,あ―k;2,あ―くる;2,あ―かs;2
迷,まよ―w;5,メイ;7
冥,メイ;7,ミョウ;8
盟,メイ;6
銘,メイ;7
鳴,メイ;2,な―k;2,な―r;2,な―らs;2
滅,メツ;7,ほろ―び1;7,ほろび―1;9,ほろ―ぼs;7,ほろぼ―s;9
免,メン;7,まぬか―れ1;8,まぬかれ―1;9
面,メン;3,おも;7,おもて;7,つら;8
綿,メン;5,わた;5
麺,メン;7
茂,モ;7,しげ―r;7
模,モ;6,ボ;6
毛,モウ;2,け;2
妄,モウ;7,ボウ;8
盲,モウ;7
耗,モウ;7,（コウ）;8
猛,モウ;7
網,モウ;7,あみ;7
目,モク;1,め;1,（ボク）;7,（ま）;8
黙,モク;7,だま―r;7
門,モン;2,かど;7
紋,モン;7
問,モン;3,と―W;3,と―い;3,（とん）;3
冶,ヤ;7
夜,ヤ;2,よ;2,よる;2
野,ヤ;2,の;2
弥,や;7
厄,ヤク;7
役,ヤク;3,エキ;7
約,ヤク;4
訳,ヤク;6,わけ;6
薬,ヤク;3,くすり;3
躍,ヤク;7,おど―r;7
闇,やみ;7
由,ユ;3,ユウ;3,（ユイ）;8,よし;8
油,ユ;3,あぶら;3
喩,ユ;7
愉,ユ;7
諭,ユ;7,さと―s;7
輸,ユ;5
癒,ユ;7,い―え1;7,い―やs;7,いや―s;9
唯,ユイ;7,（イ）;8
友,ユウ;2,とも;2
有,ユウ;3,あ―r;3,ウ;7
勇,ユウ;4,いさ―m;4,いさ―ましi;4
幽,ユウ;7
悠,ユウ;7
郵,ユウ;6
湧,ユウ;7,わ―k;7
猶,ユウ;7
裕,ユウ;7
遊,ユウ;3,あそ―b;3,（ユ）;8
雄,ユウ;7,お;7,おす;7
誘,ユウ;7,さそ―w;7
憂,ユウ;7,うれ―え1;7,うれ―い;7,う―i;8
融,ユウ;7
優,ユウ;6,やさ―しi;7,すぐ―れ1;7
与,ヨ;7,あた―え1;7
予,ヨ;3
余,ヨ;5,あま―r;5,あま―s;5
誉,ヨ;7,ほま―れ;7
預,ヨ;6,あず―け1;6,あず―かr;6,あずか―r;9
幼,ヨウ;6,おさな―i;6
用,ヨウ;2,もち―い1;2,もちい―1;9
羊,ヨウ;3,ひつじ;3
妖,ヨウ;7,あや―しi;7
洋,ヨウ;3
要,ヨウ;4,かなめ;4,い―r;7
容,ヨウ;5
庸,ヨウ;7
揚,ヨウ;7,あ―げ1;7,あ―がr;7,あが―r;9
揺,ヨウ;7,ゆ―れ1;7,ゆ―r;7,ゆ―らg;7,ゆら―g;9,ゆ―るg;7,ゆる―g;9,ゆ―すr;7,ゆ―さぶr;7,ゆ―すぶr;7
葉,ヨウ;3,は;3
陽,ヨウ;3
溶,ヨウ;7,と―け1;7,と―かs;7,と―k;7
腰,こし;7,ヨウ;8
様,ヨウ;3,さま;3
瘍,ヨウ;7
踊,ヨウ;7,おど―r;7,おど―り;7
窯,かま;7,ヨウ;8
養,ヨウ;4,やしな―w;4
擁,ヨウ;7
謡,ヨウ;7,うたい;8,うた―w;8
曜,ヨウ;2
抑,ヨク;7,おさ―え1;7
沃,ヨク;7
浴,ヨク;4,あ―び1;4,あ―びせ1;4
欲,ヨク;6,ほ―しi;7,ほし―i;9,ほっ―S;8
翌,ヨク;6
翼,ヨク;7,つばさ;7
拉,ラ;7
裸,ラ;7,はだか;7
羅,ラ;7
来,ライ;2,き―2;2,く―3;2,こ―5;2,きた―r;7,きた―s;7
雷,ライ;7,かみなり;7
頼,ライ;7,たの―m;7,たの―もしi;7,たのも―しi;9,たよ―r;7
絡,ラク;7,から―m;8,から―まr;8,からま―r;9,から―め1;8
落,ラク;3,お―ち1;3,お―とs;3,おと―s;9
酪,ラク;7
辣,ラツ;7
乱,ラン;6,みだ―れ1;6,みだれ―1;9,みだ―s;6
卵,たまご;6,ラン;7
覧,ラン;6
濫,ラン;7
藍,あい;7,ラン;8
欄,ラン;7
吏,リ;7
利,リ;4,き―k;8
里,リ;2,さと;2
理,リ;2
痢,リ;7
裏,うら;6,リ;7
履,リ;7,は―k;7
璃,リ;7
離,リ;7,はな―れ1;7,はな―s;7
陸,リク;4
立,リツ;1,た―t;1,た―て1;1,（リュウ）;8
律,リツ;6,（リチ）;8
慄,リツ;7
略,リャク;5
柳,リュウ;7,やなぎ;7
流,リュウ;3,なが―れ1;3,ながれ―1;9,なが―s;3,（ル）;8
留,リュウ;5,（ル）;5,と―め1;5,と―まr;5,とま―r;9
竜,リュウ;7,たつ;7
粒,リュウ;7,つぶ;7
隆,リュウ;7
硫,リュウ;7
侶,リョ;7
旅,リョ;3,たび;3
虜,リョ;7
慮,リョ;7
了,リョウ;7
両,リョウ;3
良,リョウ;4,よ―i;4
料,リョウ;4
涼,リョウ;7,すず―しi;7,すずし―i;9,すず―m;7
猟,リョウ;7
陵,リョウ;7,みささぎ;8
量,リョウ;4,はか―r;4
僚,リョウ;7
領,リョウ;5
寮,リョウ;7
療,リョウ;7
瞭,リョウ;7
糧,リョウ;7,（ロウ）;8,かて;8
力,リョク;1,リキ;1,ちから;1
緑,リョク;3,みどり;3,（ロク）;8
林,リン;1,はやし;1
厘,リン;7
倫,リン;7
輪,リン;4,わ;4
隣,リン;7,とな―r;7,となり;7
臨,リン;6,のぞ―m;7
瑠,ル;7
涙,ルイ;7,なみだ;7
累,ルイ;7
塁,ルイ;7
類,ルイ;4,たぐ―い;4
令,レイ;4
礼,レイ;3,ライ;8
冷,レイ;4,つめ―たi;4,つめた―i;9,ひ―え1;4,ひえ―1;9,ひ―や;4,ひ―やs;4,ひや―s;9,ひ―やかs;4,ひや―かs;9,さ―め1;4,さ―まs;4
励,レイ;7,はげ―m;7,はげ―まs;7,はげま―s;9
戻,もど―s;7,もど―r;7,レイ;8
例,レイ;4,たと―え1;4,たとえ―1;9
鈴,レイ;7,リン;7,すず;7
零,レイ;7
霊,レイ;7,リョウ;8,たま;8
隷,レイ;7
齢,レイ;7
麗,レイ;7,うるわ―しi;8
暦,レキ;7,こよみ;7
歴,レキ;5
列,レツ;3
劣,レツ;7,おと―r;7
烈,レツ;7
裂,レツ;7,さ―k;7,さ―け1;7
恋,レン;7,こ―W;7,こい;7,こい―しi;7
連,レン;4,つら―なr;4,つら―ね1;4,つ―れ1;4
廉,レン;7
練,レン;3,ね―r;3
錬,レン;7
呂,ロ;7
炉,ロ;7
賂,ロ;7
路,ロ;3,じ;3
露,ロ;7,（ロウ）;7,つゆ;7
老,ロウ;4,お―い1;4,おい―1;9,ふ―け1;8
労,ロウ;4
弄,ロウ;7,もてあそ―b;7
郎,ロウ;7
朗,ロウ;6,ほが―らか;7
浪,ロウ;7
廊,ロウ;7
楼,ロウ;7
漏,ロウ;7,も―r;7,も―れ1;7,も―らs;7,もら―s;9
籠,かご;7,こ―もr;7,こも―r;9,ロウ;8
六,ロク;1,む;1,む―つ;1,むっ―つ;1,（むい）;1
録,ロク;4
麓,ロク;7,ふもと;7
論,ロン;6
和,ワ;3,やわ―らg;7,やわら―g;9,やわ―らげ1;7,やわら―げ1;9,なご―m;7,なご―やか;7,（オ）;8
話,ワ;2,はな―s;2,はなし;2
賄,ワイ;7,まかな―w;7
脇,わき;7
惑,ワク;7,まど―w;7
枠,わく;7
湾,ワン;7
腕,ワン;7,うで;7
